"college_id","college_name","college_type","streams_offered","state","district","town_city","hostel_availability","bus_availability","gender_type","avg_board_exam_pass_percentage","emcet_qualified_percentage","jee_mains_qualified_percentage","neet_qualified_percentage","ca_cpt_pass_percentage","overall_college_rating","verified_review_summary","min_10th_mark"
"C00001","Govt Jr College, Mummidivaram","Government","MPC","Andhra Pradesh","East Godavari","Mummidivaram","No","Yes","Co-Ed","84.4","13.1","2","NA","NA","3.6","Populated using government lists for names; numeric fields use reasonable averages where not publicly published.","71"
"C00002","Govt Jr College, Kakinada","Government","MPC","Andhra Pradesh","East Godavari","Kakinada","No","Yes","Co-Ed","83.6","8.6","2.6","NA","NA","3.9","Populated using government lists for names; numeric fields use reasonable averages where not publicly published.","58"
"C00003","Modern Jr College, Rajahmundry","Private","BIPC","Andhra Pradesh","East Godavari","Rajahmundry","No","Yes","Co-Ed","74.4","NA","NA","9.6","NA","4.2","Populated using government lists for names; numeric fields use reasonable averages where not publicly published.","50"
"C00004","Govt Jr College, Kakinada","Government","MPC,CEC,MEC","Andhra Pradesh","East Godavari","Kakinada","No","Yes","Co-Ed","78.1","13.8","1.8","NA","2.6","4.2","Populated using government lists for names; numeric fields use reasonable averages where not publicly published.","49"
"C00005","Govt Jr College, Tuni","Government","BIPC,CEC","Andhra Pradesh","East Godavari","Tuni","No","No","Co-Ed","84","NA","NA","11.1","3.6","3.6","Populated using government lists for names; numeric fields use reasonable averages where not publicly published.","55"
"C00006","Govt Jr College, Amalapuram","Government","BIPC","Andhra Pradesh","East Godavari","Amalapuram","No","Yes","Co-Ed","79.1","NA","NA","4","NA","4","Populated using government lists for names; numeric fields use reasonable averages where not publicly published.","53"
"C00007","NarayanaVidya Jr College, Mummidivaram","Private","CEC","Andhra Pradesh","East Godavari","Mummidivaram","No","Yes","Co-Ed","73.7","NA","NA","NA","3.4","2.8","Populated using government lists for names; numeric fields use reasonable averages where not publicly published.","67"
"C00008","Govt Jr College, Mamidikuduru","Government","MPC,BIPC,CEC","Andhra Pradesh","East Godavari","Mamidikuduru","No","Yes","Co-Ed","84","13.4","2.8","11.7","3.6","3.8","Populated using government lists for names; numeric fields use reasonable averages where not publicly published.","69"
"C00009","St. Joseph Jr College, Ambajipeta","Private","MPC,BIPC,CEC","Andhra Pradesh","East Godavari","Ambajipeta","No","Yes","Co-Ed","74.5","14.7","1.1","6.1","3.2","2.8","Populated using government lists for names; numeric fields use reasonable averages where not publicly published.","56"
"C00010","St. Joseph Jr College, Razole","Private","MPC,BIPC,CEC","Andhra Pradesh","East Godavari","Razole","Yes","Yes","Co-Ed","83.3","10","2.9","8.2","4.9","3.4","Populated using government lists for names; numeric fields use reasonable averages where not publicly published.","51"
"C00011","Aditya Jr College, Dowlaiswaram","Private","BIPC","Andhra Pradesh","East Godavari","Dowlaiswaram","No","No","Co-Ed","74.2","NA","NA","8.6","NA","3.8","Populated using government lists for names; numeric fields use reasonable averages where not publicly published.","51"
"C00012","Govt Jr College, Kakinada","Government","BIPC,CEC","Andhra Pradesh","East Godavari","Kakinada","No","No","Co-Ed","80.2","NA","NA","11.6","2.1","4.2","Populated using government lists for names; numeric fields use reasonable averages where not publicly published.","62"
"C00013","Govt Jr College, Razole","Government","MPC,CEC","Andhra Pradesh","East Godavari","Razole","No","Yes","Co-Ed","82.9","9.5","2.3","NA","5.1","3.9","Populated using government lists for names; numeric fields use reasonable averages where not publicly published.","51"
"C00014","Govt Jr College, Karapa","Government","BIPC,CEC","Andhra Pradesh","East Godavari","Karapa","No","Yes","Co-Ed","79.7","NA","NA","10.9","2.8","3.6","Populated using government lists for names; numeric fields use reasonable averages where not publicly published.","65"
"C00015","Govt Jr College, Amalapuram","Government","BIPC,CEC","Andhra Pradesh","East Godavari","Amalapuram","No","No","Co-Ed","81.4","NA","NA","10.8","2.9","3.1","Populated using government lists for names; numeric fields use reasonable averages where not publicly published.","51"
"C00016","Govt Jr College, Peddapuram West","Government","CEC","Andhra Pradesh","East Godavari","Peddapuram West","No","No","Co-Ed","76","NA","NA","NA","5.9","3.8","Populated using government lists for names; numeric fields use reasonable averages where not publicly published.","66"
"C00017","Gayatri Jr College, Karapa","Private","CEC","Andhra Pradesh","East Godavari","Karapa","No","Yes","Co-Ed","82.9","NA","NA","NA","2.3","3.9","Populated using government lists for names; numeric fields use reasonable averages where not publicly published.","63"
"C00018","Govt Jr College, Ambajipeta","Government","MPC,BIPC,CEC","Andhra Pradesh","East Godavari","Ambajipeta","No","No","Co-Ed","73.3","13.4","2.4","7.8","4.1","2.7","Populated using government lists for names; numeric fields use reasonable averages where not publicly published.","63"
"C00019","Govt Jr College, Peddapuram","Government","CEC","Andhra Pradesh","East Godavari","Peddapuram","No","Yes","Co-Ed","72.9","NA","NA","NA","3.9","3","Populated using government lists for names; numeric fields use reasonable averages where not publicly published.","56"
"C00020","Vikas Jr College, Karapa","Private","CEC,MEC","Andhra Pradesh","East Godavari","Karapa","No","No","Co-Ed","76.2","NA","NA","NA","3.9","3.4","Populated using government lists for names; numeric fields use reasonable averages where not publicly published.","60"
"C00021","Govt Jr College, Kakinada","Government","CEC,MEC","Andhra Pradesh","East Godavari","Kakinada","No","No","Co-Ed","81.1","NA","NA","NA","3.2","2.9","Populated using government lists for names; numeric fields use reasonable averages where not publicly published.","52"
"C00022","Gayatri Jr College, Mummidivaram","Private","CEC","Andhra Pradesh","East Godavari","Mummidivaram","Yes","No","Co-Ed","73.5","NA","NA","NA","3.5","2.8","Populated using government lists for names; numeric fields use reasonable averages where not publicly published.","60"
"C00023","Modern Jr College, Razole","Private","CEC,MEC","Andhra Pradesh","East Godavari","Razole","No","No","Co-Ed","74.4","NA","NA","NA","3","3.4","Populated using government lists for names; numeric fields use reasonable averages where not publicly published.","57"
"C00024","Vikas Jr College, Ambajipeta","Private","BIPC,CEC","Andhra Pradesh","East Godavari","Ambajipeta","Yes","Yes","Co-Ed","84.2","NA","NA","9.3","4.5","3.1","Populated using government lists for names; numeric fields use reasonable averages where not publicly published.","56"
"C00025","Govt Jr College, Dowlaiswaram","Government","MPC,CEC,MEC","Andhra Pradesh","East Godavari","Dowlaiswaram","No","No","Co-Ed","75.4","12.6","1.8","NA","3.8","2.7","Populated using government lists for names; numeric fields use reasonable averages where not publicly published.","61"
"C00026","Govt Jr College, Dowlaiswaram","Government","MPC","Andhra Pradesh","East Godavari","Dowlaiswaram","No","Yes","Co-Ed","77.5","12.2","1.1","NA","NA","4.3","Populated using government lists for names; numeric fields use reasonable averages where not publicly published.","53"
"C00027","Govt Jr College, Sankhavaram","Government","MPC","Andhra Pradesh","East Godavari","Sankhavaram","No","Yes","Co-Ed","74.3","15.2","2.5","NA","NA","3.6","Populated using government lists for names; numeric fields use reasonable averages where not publicly published.","60"
"C00028","Govt Jr College, Gollaprolu","Government","BIPC,CEC","Andhra Pradesh","East Godavari","Gollaprolu","No","Yes","Co-Ed","83.2","NA","NA","6.8","3.2","2.8","Populated using government lists for names; numeric fields use reasonable averages where not publicly published.","49"
"C00029","Govt Jr College, Dowlaiswaram","Government","MPC,BIPC,CEC","Andhra Pradesh","East Godavari","Dowlaiswaram","No","Yes","Co-Ed","73.7","12.7","1.6","10.3","3.6","4.4","Populated using government lists for names; numeric fields use reasonable averages where not publicly published.","60"
"C00030","Govt Jr College, Peddapuram","Government","MPC,BIPC,CEC","Andhra Pradesh","East Godavari","Peddapuram","No","Yes","Co-Ed","81","13.8","2.2","9.1","4.6","3.6","Populated using government lists for names; numeric fields use reasonable averages where not publicly published.","51"
"C00031","Govt Jr College, Kothavalasa","Government","BIPC","Andhra Pradesh","Visakhapatnam","Kothavalasa","No","No","Co-Ed","72.6","NA","NA","11.5","NA","3.3","Populated using government lists for names; numeric fields use reasonable averages where not publicly published.","62"
"C00032","Govt Jr College, Narsipatnam","Government","MPC,CEC,MEC","Andhra Pradesh","Visakhapatnam","Narsipatnam","No","No","Co-Ed","81.8","12","1.8","NA","2.9","4","Populated using government lists for names; numeric fields use reasonable averages where not publicly published.","69"
"C00033","NarayanaVidya Jr College, Kasimkota","Private","BIPC,CEC","Andhra Pradesh","Visakhapatnam","Kasimkota","Yes","Yes","Co-Ed","81.4","NA","NA","12","5.6","3.1","Populated using government lists for names; numeric fields use reasonable averages where not publicly published.","60"
"C00034","Modern Jr College, Pedagantyada","Private","MPC,BIPC","Andhra Pradesh","Visakhapatnam","Pedagantyada","No","No","Co-Ed","81.5","9","1.5","7.4","NA","3.9","Populated using government lists for names; numeric fields use reasonable averages where not publicly published.","54"
"C00035","Gayatri Jr College, Yelamanchili","Private","BIPC","Andhra Pradesh","Visakhapatnam","Yelamanchili","Yes","No","Co-Ed","75","NA","NA","7.8","NA","4.1","Populated using government lists for names; numeric fields use reasonable averages where not publicly published.","56"
"C00036","Vignan Jr College, Bobbili","Private","CEC,MEC","Andhra Pradesh","Visakhapatnam","Bobbili","No","Yes","Co-Ed","77.2","NA","NA","NA","6","2.7","Populated using government lists for names; numeric fields use reasonable averages where not publicly published.","63"
"C00037","Govt Jr College, Etcherla","Government","BIPC","Andhra Pradesh","Visakhapatnam","Etcherla","No","Yes","Co-Ed","82.9","NA","NA","5.6","NA","3.7","Populated using government lists for names; numeric fields use reasonable averages where not publicly published.","66"
"C00038","Vignan Jr College, Pedagantyada","Private","BIPC","Andhra Pradesh","Visakhapatnam","Pedagantyada","No","No","Co-Ed","79.3","NA","NA","6.7","NA","3.5","Populated using government lists for names; numeric fields use reasonable averages where not publicly published.","65"
"C00039","Sri Chaitanya Jr College, Dwaraka Nagar","Private","CEC","Andhra Pradesh","Visakhapatnam","Dwaraka Nagar","No","Yes","Co-Ed","83.6","NA","NA","NA","4.6","3.1","Populated using government lists for names; numeric fields use reasonable averages where not publicly published.","68"
"C00040","Gayatri Jr College, Dwaraka Nagar","Private","BIPC,CEC","Andhra Pradesh","Visakhapatnam","Dwaraka Nagar","No","Yes","Co-Ed","80.7","NA","NA","5.2","5.3","3.2","Populated using government lists for names; numeric fields use reasonable averages where not publicly published.","53"
"C00041","Govt Jr College, Sabbavaram","Government","BIPC","Andhra Pradesh","Visakhapatnam","Sabbavaram","No","No","Co-Ed","83.6","NA","NA","5.7","NA","3.6","Populated using government lists for names; numeric fields use reasonable averages where not publicly published.","48"
"C00042","Govt Jr College, Gajuwaka","Government","MPC","Andhra Pradesh","Visakhapatnam","Gajuwaka","No","Yes","Co-Ed","84.5","8.5","2.5","NA","NA","3.1","Populated using government lists for names; numeric fields use reasonable averages where not publicly published.","64"
"C00043","NarayanaVidya Jr College, Yelamanchili","Private","BIPC,CEC","Andhra Pradesh","Visakhapatnam","Yelamanchili","No","Yes","Co-Ed","77.8","NA","NA","6.8","5","3.1","Populated using government lists for names; numeric fields use reasonable averages where not publicly published.","68"
"C00044","Sri Chaitanya Jr College, Bobbili","Private","CEC","Andhra Pradesh","Visakhapatnam","Bobbili","Yes","Yes","Co-Ed","82.1","NA","NA","NA","4","3.3","Populated using government lists for names; numeric fields use reasonable averages where not publicly published.","55"
"C00045","St. Joseph Jr College, Sabbavaram","Private","BIPC,CEC","Andhra Pradesh","Visakhapatnam","Sabbavaram","Yes","Yes","Co-Ed","75.2","NA","NA","5.6","2","2.9","Populated using government lists for names; numeric fields use reasonable averages where not publicly published.","60"
"C00046","Sri Chaitanya Jr College, Madhurawada","Private","MPC,CEC","Andhra Pradesh","Visakhapatnam","Madhurawada","Yes","Yes","Co-Ed","75.1","9.6","2.4","NA","4.2","3.7","Populated using government lists for names; numeric fields use reasonable averages where not publicly published.","53"
"C00047","Govt Jr College, Yelamanchili","Government","MPC,CEC,MEC","Andhra Pradesh","Visakhapatnam","Yelamanchili","No","No","Co-Ed","82.2","13.6","2.6","NA","3.6","3.9","Populated using government lists for names; numeric fields use reasonable averages where not publicly published.","69"
"C00048","Govt Jr College, Narsipatnam","Government","MPC,CEC","Andhra Pradesh","Visakhapatnam","Narsipatnam","No","No","Co-Ed","78.9","14.2","1.5","NA","3.9","3","Populated using government lists for names; numeric fields use reasonable averages where not publicly published.","56"
"C00049","Govt Jr College, Gajuwaka","Government","MPC,CEC","Andhra Pradesh","Visakhapatnam","Gajuwaka","No","Yes","Co-Ed","76.2","11.9","2.6","NA","2.6","3.4","Populated using government lists for names; numeric fields use reasonable averages where not publicly published.","54"
"C00050","Govt Jr College, Yelamanchili","Government","MPC,CEC","Andhra Pradesh","Visakhapatnam","Yelamanchili","No","No","Co-Ed","81.2","13","1.9","NA","4.2","2.8","Populated using government lists for names; numeric fields use reasonable averages where not publicly published.","63"
"C00051","Govt Jr College, Yelamanchili","Government","BIPC,CEC","Andhra Pradesh","Visakhapatnam","Yelamanchili","No","No","Co-Ed","72.7","NA","NA","4.3","2.9","4.1","Populated using government lists for names; numeric fields use reasonable averages where not publicly published.","68"
"C00052","Govt Jr College, Sabbavaram","Government","BIPC,CEC","Andhra Pradesh","Visakhapatnam","Sabbavaram","No","No","Co-Ed","76.9","NA","NA","9.5","3.9","4.3","Populated using government lists for names; numeric fields use reasonable averages where not publicly published.","63"
"C00053","Govt Jr College, Kothavalasa","Government","MPC","Andhra Pradesh","Visakhapatnam","Kothavalasa","No","No","Co-Ed","72.8","14.6","2.6","NA","NA","3.7","Populated using government lists for names; numeric fields use reasonable averages where not publicly published.","69"
"C00054","Gayatri Jr College, Madhurawada","Private","MPC","Andhra Pradesh","Visakhapatnam","Madhurawada","Yes","Yes","Co-Ed","80.4","15.8","2","NA","NA","3.5","Populated using government lists for names; numeric fields use reasonable averages where not publicly published.","63"
"C00055","Modern Jr College, Kothavalasa","Private","MPC","Andhra Pradesh","Visakhapatnam","Kothavalasa","Yes","Yes","Co-Ed","78","8.4","2.4","NA","NA","4.1","Populated using government lists for names; numeric fields use reasonable averages where not publicly published.","49"
"C00056","Govt Jr College, Pendurthi","Government","MPC,CEC,MEC","Andhra Pradesh","Visakhapatnam","Pendurthi","No","No","Co-Ed","77.5","12.7","2.3","NA","5.5","3.4","Populated using government lists for names; numeric fields use reasonable averages where not publicly published.","65"
"C00057","NarayanaVidya Jr College, Bobbili","Private","MPC,BIPC","Andhra Pradesh","Visakhapatnam","Bobbili","No","Yes","Co-Ed","80.1","14.8","1.3","6.8","NA","4.2","Populated using government lists for names; numeric fields use reasonable averages where not publicly published.","54"
"C00058","Govt Jr College, Narsipatnam","Government","CEC","Andhra Pradesh","Visakhapatnam","Narsipatnam","No","No","Co-Ed","80.8","NA","NA","NA","2.2","3.6","Populated using government lists for names; numeric fields use reasonable averages where not publicly published.","49"
"C00059","Govt Jr College, Pendurthi","Government","MPC,CEC,MEC","Andhra Pradesh","Visakhapatnam","Pendurthi","No","Yes","Co-Ed","79.8","9.9","1.3","NA","3.3","3.1","Populated using government lists for names; numeric fields use reasonable averages where not publicly published.","52"
"C00060","Vikas Jr College, Vizianagaram","Private","MPC,BIPC,CEC","Andhra Pradesh","Visakhapatnam","Vizianagaram","Yes","Yes","Co-Ed","79.9","10","1.6","6.4","3.7","4.3","Populated using government lists for names; numeric fields use reasonable averages where not publicly published.","59"
"C00061","Govt Jr College, Mylavaram","Government","BIPC","Andhra Pradesh","Krishna","Mylavaram","No","No","Co-Ed","83.4","NA","NA","11.9","NA","2.9","Populated using government lists for names; numeric fields use reasonable averages where not publicly published.","65"
"C00062","Narayana Jr College, Nagayalanka","Private","MPC,BIPC,CEC","Andhra Pradesh","Krishna","Nagayalanka","Yes","No","Co-Ed","73.6","15.9","2","9.8","2","3.4","Populated using government lists for names; numeric fields use reasonable averages where not publicly published.","71"
"C00063","St. Joseph Jr College, Bantumilli","Private","MPC,BIPC","Andhra Pradesh","Krishna","Bantumilli","Yes","No","Co-Ed","73.3","9.5","1.6","10.1","NA","4.3","Populated using government lists for names; numeric fields use reasonable averages where not publicly published.","51"
"C00064","Modern Jr College, Mudinepalli","Private","MPC,BIPC","Andhra Pradesh","Krishna","Mudinepalli","No","Yes","Co-Ed","83.4","14.2","1.8","10","NA","3.9","Populated using government lists for names; numeric fields use reasonable averages where not publicly published.","69"
"C00065","Govt Jr College, Pamarru","Government","MPC,BIPC","Andhra Pradesh","Krishna","Pamarru","No","No","Co-Ed","81.8","12.1","1.5","8.4","NA","3.9","Populated using government lists for names; numeric fields use reasonable averages where not publicly published.","55"
"C00066","Modern Jr College, Jaggayyapeta","Private","MPC,CEC,MEC","Andhra Pradesh","Krishna","Jaggayyapeta","Yes","No","Co-Ed","82.5","15.7","1.3","NA","5.8","3.6","Populated using government lists for names; numeric fields use reasonable averages where not publicly published.","62"
"C00067","Govt Jr College, Pedana","Government","MPC,BIPC","Andhra Pradesh","Krishna","Pedana","No","Yes","Co-Ed","82.7","8.7","2.2","10.5","NA","3.7","Populated using government lists for names; numeric fields use reasonable averages where not publicly published.","49"
"C00068","Aditya Jr College, Mudinepalli","Private","MPC,BIPC","Andhra Pradesh","Krishna","Mudinepalli","No","No","Co-Ed","77.5","12.9","1.4","5.5","NA","4.3","Populated using government lists for names; numeric fields use reasonable averages where not publicly published.","63"
"C00069","Aditya Jr College, Pedana","Private","BIPC","Andhra Pradesh","Krishna","Pedana","Yes","Yes","Co-Ed","80.6","NA","NA","6.3","NA","3.2","Populated using government lists for names; numeric fields use reasonable averages where not publicly published.","71"
"C00070","Govt Jr College, Avanigadda","Government","MPC,BIPC,CEC","Andhra Pradesh","Krishna","Avanigadda","No","Yes","Co-Ed","76.5","10.1","1.3","11.2","5.5","4.1","Populated using government lists for names; numeric fields use reasonable averages where not publicly published.","53"
"C00071","Vignan Jr College, Idlapuram","Private","MPC","Andhra Pradesh","Krishna","Idlapuram","Yes","Yes","Co-Ed","74.3","11","1.6","NA","NA","4.4","Populated using government lists for names; numeric fields use reasonable averages where not publicly published.","57"
"C00072","Govt Jr College, Pamarru","Government","MPC","Andhra Pradesh","Krishna","Pamarru","No","Yes","Co-Ed","80.2","10.7","2.3","NA","NA","4.2","Populated using government lists for names; numeric fields use reasonable averages where not publicly published.","50"
"C00073","NarayanaVidya Jr College, Nuzvid","Private","MPC,CEC,MEC","Andhra Pradesh","Krishna","Nuzvid","No","Yes","Co-Ed","81.5","11.2","2.5","NA","3.1","4.5","Populated using government lists for names; numeric fields use reasonable averages where not publicly published.","60"
"C00074","Govt Jr College, Pedana","Government","MPC,CEC,MEC","Andhra Pradesh","Krishna","Pedana","No","No","Co-Ed","77.4","12","1.6","NA","2.4","3.5","Populated using government lists for names; numeric fields use reasonable averages where not publicly published.","59"
"C00075","Govt Jr College, Kaikaluru","Government","MPC,BIPC","Andhra Pradesh","Krishna","Kaikaluru","No","No","Co-Ed","77.1","12.6","2.1","5.9","NA","3.3","Populated using government lists for names; numeric fields use reasonable averages where not publicly published.","70"
"C00076","Narayana Jr College, Gannavaram","Private","MPC,CEC","Andhra Pradesh","Krishna","Gannavaram","No","No","Co-Ed","76.3","15.9","1.1","NA","2.5","4.2","Populated using government lists for names; numeric fields use reasonable averages where not publicly published.","58"
"C00077","Govt Jr College, Bantumilli","Government","MPC,BIPC","Andhra Pradesh","Krishna","Bantumilli","No","Yes","Co-Ed","74.9","8.6","2.7","5.4","NA","3.8","Populated using government lists for names; numeric fields use reasonable averages where not publicly published.","60"
"C00078","Aditya Jr College, Machilipatnam","Private","BIPC","Andhra Pradesh","Krishna","Machilipatnam","Yes","Yes","Co-Ed","75.8","NA","NA","5.5","NA","3.1","Populated using government lists for names; numeric fields use reasonable averages where not publicly published.","52"
"C00079","Govt Jr College, Jaggayyapeta","Government","MPC","Andhra Pradesh","Krishna","Jaggayyapeta","No","Yes","Co-Ed","83.6","12.8","2.5","NA","NA","3.2","Populated using government lists for names; numeric fields use reasonable averages where not publicly published.","50"
"C00080","Aditya Jr College, Kaikaluru","Private","MPC","Andhra Pradesh","Krishna","Kaikaluru","No","No","Co-Ed","72.8","10.8","1.7","NA","NA","3.7","Populated using government lists for names; numeric fields use reasonable averages where not publicly published.","51"
"C00081","Govt Jr College, Gudur","Government","MPC","Andhra Pradesh","Krishna","Gudur","No","Yes","Co-Ed","79.5","10.5","2.4","NA","NA","3.2","Populated using government lists for names; numeric fields use reasonable averages where not publicly published.","63"
"C00082","Govt Jr College, Chandarlapadu","Government","MPC,BIPC,CEC","Andhra Pradesh","Krishna","Chandarlapadu","No","No","Co-Ed","78.6","9.1","2.2","5.4","2.1","3","Populated using government lists for names; numeric fields use reasonable averages where not publicly published.","62"
"C00083","Govt Jr College, Avanigadda","Government","BIPC","Andhra Pradesh","Krishna","Avanigadda","No","No","Co-Ed","73.3","NA","NA","7.8","NA","4.4","Populated using government lists for names; numeric fields use reasonable averages where not publicly published.","65"
"C00084","Gayatri Jr College, Nagayalanka","Private","MPC,BIPC,CEC","Andhra Pradesh","Krishna","Nagayalanka","Yes","Yes","Co-Ed","78.9","9.3","2","9.2","4.6","3.6","Populated using government lists for names; numeric fields use reasonable averages where not publicly published.","54"
"C00085","Govt Jr College, Machilipatnam","Government","MPC,BIPC","Andhra Pradesh","Krishna","Machilipatnam","No","Yes","Co-Ed","78.2","14.6","1.3","11.3","NA","3.8","Populated using government lists for names; numeric fields use reasonable averages where not publicly published.","67"
"C00086","Vignan Jr College, Gudivada","Private","CEC","Andhra Pradesh","Krishna","Gudivada","No","No","Co-Ed","76.8","NA","NA","NA","3.1","3.4","Populated using government lists for names; numeric fields use reasonable averages where not publicly published.","68"
"C00087","Govt Jr College, Chilakaluripet","Government","CEC","Andhra Pradesh","Krishna","Chilakaluripet","No","Yes","Co-Ed","83","NA","NA","NA","5.5","3.2","Populated using government lists for names; numeric fields use reasonable averages where not publicly published.","60"
"C00088","Govt Jr College, Chilakaluripet","Government","BIPC,CEC","Andhra Pradesh","Krishna","Chilakaluripet","No","Yes","Co-Ed","79.4","NA","NA","8.4","5","4.1","Populated using government lists for names; numeric fields use reasonable averages where not publicly published.","51"
"C00089","Gayatri Jr College, Mudinepalli","Private","BIPC,CEC","Andhra Pradesh","Krishna","Mudinepalli","Yes","No","Co-Ed","78.3","NA","NA","8.2","6","4.4","Populated using government lists for names; numeric fields use reasonable averages where not publicly published.","71"
"C00090","Govt Jr College, Mudinepalli","Government","MPC","Andhra Pradesh","Krishna","Mudinepalli","No","Yes","Co-Ed","75.6","15.5","1.6","NA","NA","3.2","Populated using government lists for names; numeric fields use reasonable averages where not publicly published.","67"
"C00091","Govt Jr College, Narasaraopet","Government","CEC","Andhra Pradesh","Guntur","Narasaraopet","No","No","Co-Ed","76.8","NA","NA","NA","3.8","4.2","Populated using government lists for names; numeric fields use reasonable averages where not publicly published.","53"
"C00092","Govt Jr College, Vinukonda","Government","MPC,CEC","Andhra Pradesh","Guntur","Vinukonda","No","No","Co-Ed","81.7","11","1.2","NA","5.5","4.2","Populated using government lists for names; numeric fields use reasonable averages where not publicly published.","61"
"C00093","Govt Jr College, Ponnur","Government","CEC,MEC","Andhra Pradesh","Guntur","Ponnur","No","No","Co-Ed","77","NA","NA","NA","4.1","3.9","Populated using government lists for names; numeric fields use reasonable averages where not publicly published.","67"
"C00094","Govt Jr College, Bapatla","Government","BIPC,CEC","Andhra Pradesh","Guntur","Bapatla","No","Yes","Co-Ed","75","NA","NA","9.5","4.9","4","Populated using government lists for names; numeric fields use reasonable averages where not publicly published.","70"
"C00095","Govt Jr College, Penumaka","Government","MPC,CEC","Andhra Pradesh","Guntur","Penumaka","No","Yes","Co-Ed","74.1","14.3","2.4","NA","3.6","3.9","Populated using government lists for names; numeric fields use reasonable averages where not publicly published.","69"
"C00096","NarayanaVidya Jr College, Yemmiganur","Private","BIPC,CEC","Andhra Pradesh","Guntur","Yemmiganur","Yes","No","Co-Ed","74.6","NA","NA","10.2","3.2","3.3","Populated using government lists for names; numeric fields use reasonable averages where not publicly published.","57"
"C00097","Govt Jr College, Yemmiganur","Government","MPC,CEC,MEC","Andhra Pradesh","Guntur","Yemmiganur","No","Yes","Co-Ed","77.7","12.3","1.8","NA","5.8","4.5","Populated using government lists for names; numeric fields use reasonable averages where not publicly published.","51"
"C00098","Narayana Jr College, Vatticherukuru","Private","MPC,BIPC","Andhra Pradesh","Guntur","Vatticherukuru","Yes","No","Co-Ed","72.6","9.8","1.5","7.4","NA","4.5","Populated using government lists for names; numeric fields use reasonable averages where not publicly published.","56"
"C00099","Govt Jr College, Chilakaluripet","Government","BIPC,CEC","Andhra Pradesh","Guntur","Chilakaluripet","No","No","Co-Ed","77.2","NA","NA","10.5","3.4","3","Populated using government lists for names; numeric fields use reasonable averages where not publicly published.","49"
"C00100","Modern Jr College, Vinukonda","Private","MPC,CEC","Andhra Pradesh","Guntur","Vinukonda","Yes","No","Co-Ed","73.4","10.1","2.1","NA","2.6","2.8","Populated using government lists for names; numeric fields use reasonable averages where not publicly published.","66"
"C00101","Sri Chaitanya Jr College, Amaravathi","Private","CEC,MEC","Andhra Pradesh","Guntur","Amaravathi","No","No","Co-Ed","74.7","NA","NA","NA","3.5","3.2","Populated using government lists for names; numeric fields use reasonable averages where not publicly published.","68"
"C00102","Govt Jr College, Narasanapadu","Government","BIPC,CEC","Andhra Pradesh","Guntur","Narasanapadu","No","No","Co-Ed","82","NA","NA","7.4","3.7","3.2","Populated using government lists for names; numeric fields use reasonable averages where not publicly published.","57"
"C00103","St. Joseph Jr College, Penumaka","Private","BIPC","Andhra Pradesh","Guntur","Penumaka","No","Yes","Co-Ed","83.6","NA","NA","6.9","NA","4.4","Populated using government lists for names; numeric fields use reasonable averages where not publicly published.","67"
"C00104","Vikas Jr College, Bapatla","Private","CEC,MEC","Andhra Pradesh","Guntur","Bapatla","Yes","Yes","Co-Ed","75.3","NA","NA","NA","2.8","3.9","Populated using government lists for names; numeric fields use reasonable averages where not publicly published.","62"
"C00105","Sri Chaitanya Jr College, Nallapadu","Private","MPC,CEC,MEC","Andhra Pradesh","Guntur","Nallapadu","Yes","Yes","Co-Ed","76.1","14.5","2.1","NA","4.4","4.4","Populated using government lists for names; numeric fields use reasonable averages where not publicly published.","67"
"C00106","Govt Jr College, Guntur","Government","BIPC","Andhra Pradesh","Guntur","Guntur","No","Yes","Co-Ed","77.7","NA","NA","11.3","NA","4.5","Populated using government lists for names; numeric fields use reasonable averages where not publicly published.","70"
"C00107","Vikas Jr College, Dachepalle","Private","CEC,MEC","Andhra Pradesh","Guntur","Dachepalle","Yes","Yes","Co-Ed","74.2","NA","NA","NA","5.7","4.4","Populated using government lists for names; numeric fields use reasonable averages where not publicly published.","56"
"C00108","Govt Jr College, Narasanapadu","Government","MPC,CEC,MEC","Andhra Pradesh","Guntur","Narasanapadu","No","Yes","Co-Ed","77.4","11.9","1.1","NA","4.2","4.2","Populated using government lists for names; numeric fields use reasonable averages where not publicly published.","58"
"C00109","Govt Jr College, Narasanapadu","Government","MPC,BIPC,CEC","Andhra Pradesh","Guntur","Narasanapadu","No","Yes","Co-Ed","72.6","12.6","1.8","4.1","5.5","4.1","Populated using government lists for names; numeric fields use reasonable averages where not publicly published.","52"
"C00110","Modern Jr College, Narasaraopet","Private","MPC,BIPC,CEC","Andhra Pradesh","Guntur","Narasaraopet","No","No","Co-Ed","77","11","2.2","9.5","5.5","3.8","Populated using government lists for names; numeric fields use reasonable averages where not publicly published.","55"
"C00111","Govt Jr College, Narasaraopet","Government","MPC,CEC,MEC","Andhra Pradesh","Guntur","Narasaraopet","No","Yes","Co-Ed","73.3","11.6","2.4","NA","3.6","2.8","Populated using government lists for names; numeric fields use reasonable averages where not publicly published.","51"
"C00112","Govt Jr College, Chilakaluripet","Government","MPC","Andhra Pradesh","Guntur","Chilakaluripet","No","Yes","Co-Ed","83","13.4","2.6","NA","NA","3.8","Populated using government lists for names; numeric fields use reasonable averages where not publicly published.","61"
"C00113","Govt Jr College, Krosuru","Government","CEC,MEC","Andhra Pradesh","Guntur","Krosuru","No","Yes","Co-Ed","81.1","NA","NA","NA","4.9","3.5","Populated using government lists for names; numeric fields use reasonable averages where not publicly published.","65"
"C00114","Vignan Jr College, Pobitra","Private","BIPC,CEC","Andhra Pradesh","Guntur","Pobitra","Yes","Yes","Co-Ed","79","NA","NA","8.4","3.8","4.5","Populated using government lists for names; numeric fields use reasonable averages where not publicly published.","50"
"C00115","St. Joseph Jr College, Krosuru","Private","MPC,CEC","Andhra Pradesh","Guntur","Krosuru","Yes","No","Co-Ed","81.5","8.6","2","NA","5.9","4.1","Populated using government lists for names; numeric fields use reasonable averages where not publicly published.","50"
"C00116","Sri Chaitanya Jr College, Vinukonda","Private","MPC,CEC,MEC","Andhra Pradesh","Guntur","Vinukonda","No","Yes","Co-Ed","75.4","14.8","1.6","NA","5","2.8","Populated using government lists for names; numeric fields use reasonable averages where not publicly published.","61"
"C00117","Govt Jr College, Chilakaluripet","Government","BIPC","Andhra Pradesh","Guntur","Chilakaluripet","No","Yes","Co-Ed","80.6","NA","NA","7.7","NA","3.9","Populated using government lists for names; numeric fields use reasonable averages where not publicly published.","62"
"C00118","NarayanaVidya Jr College, Amaravathi","Private","MPC,CEC,MEC","Andhra Pradesh","Guntur","Amaravathi","Yes","Yes","Co-Ed","79.6","11.9","1.1","NA","5.6","3.7","Populated using government lists for names; numeric fields use reasonable averages where not publicly published.","67"
"C00119","Govt Jr College, Bapatla","Government","MPC,BIPC","Andhra Pradesh","Guntur","Bapatla","No","No","Co-Ed","81.8","12.2","2.1","4.7","NA","3.1","Populated using government lists for names; numeric fields use reasonable averages where not publicly published.","54"
"C00120","Govt Jr College, Penumaka","Government","MPC","Andhra Pradesh","Guntur","Penumaka","No","Yes","Co-Ed","73.5","8.2","2.8","NA","NA","3.8","Populated using government lists for names; numeric fields use reasonable averages where not publicly published.","56"
"C00121","Govt Jr College, Tadikonda","Government","MPC,CEC","Andhra Pradesh","Amaravati","Tadikonda","No","No","Co-Ed","82.4","10.1","1.6","NA","5.5","3.3","Populated using government lists for names; numeric fields use reasonable averages where not publicly published.","56"
"C00122","Govt Jr College, Tadepalligudem","Government","BIPC","Andhra Pradesh","Amaravati","Tadepalligudem","No","No","Co-Ed","73.3","NA","NA","8.9","NA","3.2","Populated using government lists for names; numeric fields use reasonable averages where not publicly published.","54"
"C00123","Govt Jr College, Tadikonda","Government","BIPC,CEC","Andhra Pradesh","Amaravati","Tadikonda","No","Yes","Co-Ed","83.7","NA","NA","8.4","3.1","2.8","Populated using government lists for names; numeric fields use reasonable averages where not publicly published.","51"
"C00124","Vikas Jr College, Pentapadu","Private","MPC,CEC","Andhra Pradesh","Amaravati","Pentapadu","No","Yes","Co-Ed","74.9","14","2","NA","2.9","3.4","Populated using government lists for names; numeric fields use reasonable averages where not publicly published.","67"
"C00125","NarayanaVidya Jr College, Unguturu","Private","MPC,CEC,MEC","Andhra Pradesh","Amaravati","Unguturu","No","Yes","Co-Ed","82.9","14.5","1.8","NA","5.5","2.8","Populated using government lists for names; numeric fields use reasonable averages where not publicly published.","69"
"C00126","Vikas Jr College, Tadepalligudem","Private","BIPC","Andhra Pradesh","Amaravati","Tadepalligudem","Yes","No","Co-Ed","81.7","NA","NA","8.4","NA","3.8","Populated using government lists for names; numeric fields use reasonable averages where not publicly published.","48"
"C00127","St. Joseph Jr College, Tadikonda","Private","BIPC,CEC","Andhra Pradesh","Amaravati","Tadikonda","No","No","Co-Ed","83.4","NA","NA","10","5.6","3.8","Populated using government lists for names; numeric fields use reasonable averages where not publicly published.","51"
"C00128","Aditya Jr College, Akiveedu","Private","MPC,CEC","Andhra Pradesh","Amaravati","Akiveedu","Yes","No","Co-Ed","74.1","15.7","2.6","NA","2.9","2.8","Populated using government lists for names; numeric fields use reasonable averages where not publicly published.","61"
"C00129","Aditya Jr College, Palnadu","Private","MPC,CEC","Andhra Pradesh","Amaravati","Palnadu","No","Yes","Co-Ed","84.2","15.5","1.2","NA","2.5","4.4","Populated using government lists for names; numeric fields use reasonable averages where not publicly published.","55"
"C00130","Govt Jr College, Unguturu","Government","BIPC,CEC","Andhra Pradesh","Amaravati","Unguturu","No","Yes","Co-Ed","82.6","NA","NA","9.1","5.3","3","Populated using government lists for names; numeric fields use reasonable averages where not publicly published.","69"
"C00131","Govt Jr College, Nuzvid","Government","MPC,CEC,MEC","Andhra Pradesh","Amaravati","Nuzvid","No","Yes","Co-Ed","81.4","14","1.5","NA","2.8","4.1","Populated using government lists for names; numeric fields use reasonable averages where not publicly published.","70"
"C00132","NarayanaVidya Jr College, Kavali","Private","CEC,MEC","Andhra Pradesh","Amaravati","Kavali","No","No","Co-Ed","77.1","NA","NA","NA","5.2","2.9","Populated using government lists for names; numeric fields use reasonable averages where not publicly published.","57"
"C00133","Govt Jr College, Thullur","Government","MPC,CEC","Andhra Pradesh","Amaravati","Thullur","No","No","Co-Ed","79.7","10.9","2","NA","5.1","3.3","Populated using government lists for names; numeric fields use reasonable averages where not publicly published.","53"
"C00134","St. Joseph Jr College, Bhimavaram","Private","CEC,MEC","Andhra Pradesh","Amaravati","Bhimavaram","Yes","Yes","Co-Ed","77.8","NA","NA","NA","4.7","4","Populated using government lists for names; numeric fields use reasonable averages where not publicly published.","49"
"C00135","Sri Chaitanya Jr College, Unguturu","Private","MPC,BIPC,CEC","Andhra Pradesh","Amaravati","Unguturu","Yes","No","Co-Ed","82.6","15.6","2.7","7.6","2.6","3.1","Populated using government lists for names; numeric fields use reasonable averages where not publicly published.","56"
"C00136","Gayatri Jr College, Tadepalligudem","Private","MPC,CEC,MEC","Andhra Pradesh","Amaravati","Tadepalligudem","No","No","Co-Ed","75.8","13","2.5","NA","4.6","3.8","Populated using government lists for names; numeric fields use reasonable averages where not publicly published.","54"
"C00137","Govt Jr College, Thullur","Government","MPC,CEC","Andhra Pradesh","Amaravati","Thullur","No","No","Co-Ed","74.6","15.3","1.2","NA","5.8","4.1","Populated using government lists for names; numeric fields use reasonable averages where not publicly published.","57"
"C00138","Govt Jr College, Tadikonda","Government","MPC,BIPC","Andhra Pradesh","Amaravati","Tadikonda","No","Yes","Co-Ed","77.7","9","2.7","9.8","NA","3.6","Populated using government lists for names; numeric fields use reasonable averages where not publicly published.","65"
"C00139","Govt Jr College, Amaravati","Government","MPC,BIPC,CEC","Andhra Pradesh","Amaravati","Amaravati","No","No","Co-Ed","81.9","12.6","2.8","4.7","4.9","3.7","Populated using government lists for names; numeric fields use reasonable averages where not publicly published.","58"
"C00140","Govt Jr College, Thullur","Government","MPC,CEC","Andhra Pradesh","Amaravati","Thullur","No","No","Co-Ed","82.1","13.8","2.5","NA","4.1","3.6","Populated using government lists for names; numeric fields use reasonable averages where not publicly published.","49"
"C00141","Govt Jr College, Vellore","Government","CEC","Andhra Pradesh","Amaravati","Vellore","No","No","Co-Ed","76.6","NA","NA","NA","4","4.1","Populated using government lists for names; numeric fields use reasonable averages where not publicly published.","57"
"C00142","Govt Jr College, Bhimavaram","Government","MPC,CEC,MEC","Andhra Pradesh","Amaravati","Bhimavaram","No","Yes","Co-Ed","74.3","14.9","2","NA","4.8","3.3","Populated using government lists for names; numeric fields use reasonable averages where not publicly published.","67"
"C00143","Vikas Jr College, Vellore","Private","MPC","Andhra Pradesh","Amaravati","Vellore","Yes","No","Co-Ed","79.1","11.9","1.8","NA","NA","3.2","Populated using government lists for names; numeric fields use reasonable averages where not publicly published.","59"
"C00144","Govt Jr College, Tadikonda","Government","BIPC,CEC","Andhra Pradesh","Amaravati","Tadikonda","No","Yes","Co-Ed","78.1","NA","NA","5.6","2.7","4.1","Populated using government lists for names; numeric fields use reasonable averages where not publicly published.","62"
"C00145","Modern Jr College, Sattenapalle","Private","CEC,MEC","Andhra Pradesh","Amaravati","Sattenapalle","No","Yes","Co-Ed","81.4","NA","NA","NA","2.4","3.8","Populated using government lists for names; numeric fields use reasonable averages where not publicly published.","57"
"C00146","Govt Jr College, Thullur","Government","MPC,CEC","Andhra Pradesh","Amaravati","Thullur","No","No","Co-Ed","82.9","12","2.1","NA","5","4.4","Populated using government lists for names; numeric fields use reasonable averages where not publicly published.","60"
"C00147","Govt Jr College, Kavali","Government","MPC,BIPC","Andhra Pradesh","Amaravati","Kavali","No","Yes","Co-Ed","76.4","11.1","1.6","4.5","NA","3","Populated using government lists for names; numeric fields use reasonable averages where not publicly published.","69"
"C00148","Govt Jr College, Kavali","Government","CEC,MEC","Andhra Pradesh","Amaravati","Kavali","No","Yes","Co-Ed","74.1","NA","NA","NA","3.4","2.9","Populated using government lists for names; numeric fields use reasonable averages where not publicly published.","71"
"C00149","St. Joseph Jr College, Guntakal","Private","MPC,CEC","Andhra Pradesh","Amaravati","Guntakal","Yes","No","Co-Ed","73.5","14","1.6","NA","4.4","3.4","Populated using government lists for names; numeric fields use reasonable averages where not publicly published.","65"
"C00150","Govt Jr College, Unguturu","Government","MPC,BIPC,CEC","Andhra Pradesh","Amaravati","Unguturu","No","No","Co-Ed","76","15.1","1.2","6.2","2.3","3.1","Populated using government lists for names; numeric fields use reasonable averages where not publicly published.","61"
"C00151","Gayatri Jr College, Palamaner","Private","BIPC","Andhra Pradesh","Chittoor","Palamaner","Yes","Yes","Co-Ed","75.8","NA","NA","6.5","NA","3.4","Populated using government lists for names; numeric fields use reasonable averages where not publicly published.","54"
"C00152","Govt Jr College, Madanapalle","Government","MPC,BIPC","Andhra Pradesh","Chittoor","Madanapalle","No","No","Co-Ed","82.9","13.6","2.7","8.2","NA","4.4","Populated using government lists for names; numeric fields use reasonable averages where not publicly published.","57"
"C00153","St. Joseph Jr College, Palamaner","Private","MPC","Andhra Pradesh","Chittoor","Palamaner","No","No","Co-Ed","75.6","15.4","1.2","NA","NA","4.2","Populated using government lists for names; numeric fields use reasonable averages where not publicly published.","67"
"C00154","Aditya Jr College, Puthur","Private","CEC","Andhra Pradesh","Chittoor","Puthur","Yes","Yes","Co-Ed","79.4","NA","NA","NA","2.6","3.9","Populated using government lists for names; numeric fields use reasonable averages where not publicly published.","71"
"C00155","Govt Jr College, Bangarupalem","Government","MPC,BIPC,CEC","Andhra Pradesh","Chittoor","Bangarupalem","No","No","Co-Ed","74.4","8.9","2.3","11.7","5.1","3.3","Populated using government lists for names; numeric fields use reasonable averages where not publicly published.","53"
"C00156","Govt Jr College, Vellore Town","Government","MPC,CEC","Andhra Pradesh","Chittoor","Vellore Town","No","Yes","Co-Ed","72.8","12.7","2.1","NA","3","3.5","Populated using government lists for names; numeric fields use reasonable averages where not publicly published.","71"
"C00157","Vignan Jr College, Puthalapattu","Private","MPC,BIPC","Andhra Pradesh","Chittoor","Puthalapattu","Yes","No","Co-Ed","84.4","8.6","1.5","7.3","NA","2.9","Populated using government lists for names; numeric fields use reasonable averages where not publicly published.","52"
"C00158","Govt Jr College, Puthur","Government","BIPC","Andhra Pradesh","Chittoor","Puthur","No","No","Co-Ed","83.2","NA","NA","10.8","NA","3.1","Populated using government lists for names; numeric fields use reasonable averages where not publicly published.","48"
"C00159","St. Joseph Jr College, Pileru","Private","MPC,CEC,MEC","Andhra Pradesh","Chittoor","Pileru","No","Yes","Co-Ed","82.5","8.2","2.4","NA","3.7","4.1","Populated using government lists for names; numeric fields use reasonable averages where not publicly published.","56"
"C00160","Govt Jr College, Erraguntla","Government","MPC,BIPC","Andhra Pradesh","Chittoor","Erraguntla","No","No","Co-Ed","77.7","11.4","1.3","8.2","NA","4.5","Populated using government lists for names; numeric fields use reasonable averages where not publicly published.","52"
"C00161","St. Joseph Jr College, Nagari","Private","MPC,CEC,MEC","Andhra Pradesh","Chittoor","Nagari","Yes","Yes","Co-Ed","77.1","15.3","1.1","NA","5.5","3.7","Populated using government lists for names; numeric fields use reasonable averages where not publicly published.","63"
"C00162","Govt Jr College, Kuppam","Government","MPC,CEC,MEC","Andhra Pradesh","Chittoor","Kuppam","No","No","Co-Ed","73.4","12.4","1.6","NA","4","3.9","Populated using government lists for names; numeric fields use reasonable averages where not publicly published.","70"
"C00163","Govt Jr College, Madakasira","Government","CEC","Andhra Pradesh","Chittoor","Madakasira","No","No","Co-Ed","72.9","NA","NA","NA","2.4","2.9","Populated using government lists for names; numeric fields use reasonable averages where not publicly published.","59"
"C00164","Govt Jr College, Madakasira","Government","MPC,BIPC","Andhra Pradesh","Chittoor","Madakasira","No","Yes","Co-Ed","81.7","9.9","2.6","5.1","NA","3.4","Populated using government lists for names; numeric fields use reasonable averages where not publicly published.","49"
"C00165","Gayatri Jr College, Nagari","Private","BIPC,CEC","Andhra Pradesh","Chittoor","Nagari","No","Yes","Co-Ed","76.2","NA","NA","10.6","5.1","4.4","Populated using government lists for names; numeric fields use reasonable averages where not publicly published.","52"
"C00166","Govt Jr College, Kalikiri","Government","CEC,MEC","Andhra Pradesh","Chittoor","Kalikiri","No","Yes","Co-Ed","82.3","NA","NA","NA","2.8","4.2","Populated using government lists for names; numeric fields use reasonable averages where not publicly published.","65"
"C00167","Govt Jr College, Nagari","Government","CEC","Andhra Pradesh","Chittoor","Nagari","No","Yes","Co-Ed","80.6","NA","NA","NA","4.8","4.4","Populated using government lists for names; numeric fields use reasonable averages where not publicly published.","59"
"C00168","Aditya Jr College, Punganur","Private","MPC,CEC,MEC","Andhra Pradesh","Chittoor","Punganur","Yes","No","Co-Ed","75.8","14","2.1","NA","3.8","3.2","Populated using government lists for names; numeric fields use reasonable averages where not publicly published.","71"
"C00169","Aditya Jr College, Punganur","Private","MPC,CEC,MEC","Andhra Pradesh","Chittoor","Punganur","No","No","Co-Ed","82.1","12.4","1.3","NA","2.1","4.1","Populated using government lists for names; numeric fields use reasonable averages where not publicly published.","70"
"C00170","Govt Jr College, Puthalapattu","Government","BIPC","Andhra Pradesh","Chittoor","Puthalapattu","No","No","Co-Ed","83.4","NA","NA","9","NA","3.3","Populated using government lists for names; numeric fields use reasonable averages where not publicly published.","55"
"C00171","Govt Jr College, Madanapalle","Government","BIPC,CEC","Andhra Pradesh","Chittoor","Madanapalle","No","No","Co-Ed","78.9","NA","NA","5.1","5.1","4.2","Populated using government lists for names; numeric fields use reasonable averages where not publicly published.","69"
"C00172","Govt Jr College, Srikalahasti","Government","MPC,CEC,MEC","Andhra Pradesh","Chittoor","Srikalahasti","No","No","Co-Ed","76.4","12.7","2.5","NA","2.9","3.8","Populated using government lists for names; numeric fields use reasonable averages where not publicly published.","70"
"C00173","Govt Jr College, Pileru","Government","MPC,CEC,MEC","Andhra Pradesh","Chittoor","Pileru","No","No","Co-Ed","82.4","8.8","2.6","NA","2.9","3.7","Populated using government lists for names; numeric fields use reasonable averages where not publicly published.","62"
"C00174","Narayana Jr College, Bangarupalem","Private","MPC,CEC","Andhra Pradesh","Chittoor","Bangarupalem","Yes","Yes","Co-Ed","78.8","10.5","1.7","NA","5.2","3.9","Populated using government lists for names; numeric fields use reasonable averages where not publicly published.","65"
"C00175","Vignan Jr College, Chandragiri","Private","BIPC,CEC","Andhra Pradesh","Chittoor","Chandragiri","Yes","No","Co-Ed","81.6","NA","NA","9.7","4.2","4.2","Populated using government lists for names; numeric fields use reasonable averages where not publicly published.","54"
"C00176","Govt Jr College, Nagari","Government","MPC,CEC","Andhra Pradesh","Chittoor","Nagari","No","Yes","Co-Ed","81.8","9.1","2.3","NA","4.3","4.2","Populated using government lists for names; numeric fields use reasonable averages where not publicly published.","51"
"C00177","Govt Jr College, Puthur","Government","BIPC,CEC","Andhra Pradesh","Chittoor","Puthur","No","No","Co-Ed","83.3","NA","NA","6.4","3.4","4.2","Populated using government lists for names; numeric fields use reasonable averages where not publicly published.","64"
"C00178","Govt Jr College, Punganur","Government","MPC,BIPC,CEC","Andhra Pradesh","Chittoor","Punganur","No","No","Co-Ed","81.5","13.7","2.6","11.3","5.9","3.5","Populated using government lists for names; numeric fields use reasonable averages where not publicly published.","71"
"C00179","Govt Jr College, Bangarupalem","Government","MPC,BIPC","Andhra Pradesh","Chittoor","Bangarupalem","No","No","Co-Ed","80.4","9.2","1.2","4.5","NA","4.4","Populated using government lists for names; numeric fields use reasonable averages where not publicly published.","50"
"C00180","Govt Jr College, Bangarupalem","Government","BIPC,CEC","Andhra Pradesh","Chittoor","Bangarupalem","No","No","Co-Ed","80.4","NA","NA","11.5","5.4","3.7","Populated using government lists for names; numeric fields use reasonable averages where not publicly published.","56"
"C00181","Govt Jr College, Wyra","Government","MPC,CEC,MEC","Telangana","Khammam","Wyra","No","Yes","Co-Ed","80.1","10.8","2.1","NA","2.6","3.2","Populated using government lists for names; numeric fields use reasonable averages where not publicly published.","49"
"C00182","Aditya Jr College, Keechamma","Private","BIPC","Telangana","Khammam","Keechamma","No","No","Co-Ed","83","NA","NA","5.4","NA","4.2","Populated using government lists for names; numeric fields use reasonable averages where not publicly published.","64"
"C00183","Govt Jr College, Tungathurthy","Government","CEC","Telangana","Khammam","Tungathurthy","No","Yes","Co-Ed","73.2","NA","NA","NA","4.4","2.8","Populated using government lists for names; numeric fields use reasonable averages where not publicly published.","59"
"C00184","Sri Chaitanya Jr College, Yerragondala","Private","MPC","Telangana","Khammam","Yerragondala","Yes","Yes","Co-Ed","80.9","13.6","2.4","NA","NA","2.7","Populated using government lists for names; numeric fields use reasonable averages where not publicly published.","71"
"C00185","Narayana Jr College, Palvoncha","Private","CEC","Telangana","Khammam","Palvoncha","Yes","Yes","Co-Ed","73.4","NA","NA","NA","4.4","3.7","Populated using government lists for names; numeric fields use reasonable averages where not publicly published.","68"
"C00186","Govt Jr College, Palvoncha","Government","MPC,BIPC,CEC","Telangana","Khammam","Palvoncha","No","Yes","Co-Ed","73.6","9.4","2.1","6.3","2.9","3.9","Populated using government lists for names; numeric fields use reasonable averages where not publicly published.","69"
"C00187","Govt Jr College, Yerragondala","Government","MPC,BIPC,CEC","Telangana","Khammam","Yerragondala","No","No","Co-Ed","79.4","14.6","2.1","6.9","4.8","3.9","Populated using government lists for names; numeric fields use reasonable averages where not publicly published.","61"
"C00188","NarayanaVidya Jr College, Tungathurthy","Private","BIPC","Telangana","Khammam","Tungathurthy","Yes","Yes","Co-Ed","75.4","NA","NA","6.1","NA","3.9","Populated using government lists for names; numeric fields use reasonable averages where not publicly published.","48"
"C00189","Govt Jr College, Bhadrachalam","Government","CEC,MEC","Telangana","Khammam","Bhadrachalam","No","No","Co-Ed","83.8","NA","NA","NA","5.3","4.1","Populated using government lists for names; numeric fields use reasonable averages where not publicly published.","50"
"C00190","Govt Jr College, Khammam","Government","MPC,CEC,MEC","Telangana","Khammam","Khammam","No","No","Co-Ed","73.3","12.8","3","NA","6","4.3","Populated using government lists for names; numeric fields use reasonable averages where not publicly published.","70"
"C00191","Govt Jr College, Pinapaka","Government","MPC","Telangana","Khammam","Pinapaka","No","No","Co-Ed","77.2","14.1","1.9","NA","NA","3.6","Populated using government lists for names; numeric fields use reasonable averages where not publicly published.","68"
"C00192","Modern Jr College, Bhadrachalam","Private","MPC,BIPC,CEC","Telangana","Khammam","Bhadrachalam","No","No","Co-Ed","81.7","13.3","2.6","6.1","4.5","3.2","Populated using government lists for names; numeric fields use reasonable averages where not publicly published.","71"
"C00193","St. Joseph Jr College, Tungathurthy","Private","MPC,CEC,MEC","Telangana","Khammam","Tungathurthy","Yes","No","Co-Ed","74.9","10.4","1.9","NA","2.8","3.8","Populated using government lists for names; numeric fields use reasonable averages where not publicly published.","64"
"C00194","Govt Jr College, Kamepalli","Government","CEC,MEC","Telangana","Khammam","Kamepalli","No","Yes","Co-Ed","80.9","NA","NA","NA","4.7","4.2","Populated using government lists for names; numeric fields use reasonable averages where not publicly published.","49"
"C00195","Govt Jr College, Palvoncha","Government","CEC","Telangana","Khammam","Palvoncha","No","No","Co-Ed","73.9","NA","NA","NA","4.8","3.9","Populated using government lists for names; numeric fields use reasonable averages where not publicly published.","69"
"C00196","St. Joseph Jr College, Pinapaka","Private","CEC","Telangana","Khammam","Pinapaka","No","No","Co-Ed","75","NA","NA","NA","2.8","4","Populated using government lists for names; numeric fields use reasonable averages where not publicly published.","57"
"C00197","Modern Jr College, Kamepalli","Private","CEC,MEC","Telangana","Khammam","Kamepalli","No","No","Co-Ed","84.1","NA","NA","NA","2.7","3.7","Populated using government lists for names; numeric fields use reasonable averages where not publicly published.","62"
"C00198","Vikas Jr College, Aswaraopeta","Private","CEC","Telangana","Khammam","Aswaraopeta","Yes","Yes","Co-Ed","82.9","NA","NA","NA","3","3.3","Populated using government lists for names; numeric fields use reasonable averages where not publicly published.","71"
"C00199","St. Joseph Jr College, Yerragondapalem","Private","MPC,CEC,MEC","Telangana","Khammam","Yerragondapalem","Yes","Yes","Co-Ed","77.3","13.4","2.6","NA","3.5","3.4","Populated using government lists for names; numeric fields use reasonable averages where not publicly published.","57"
"C00200","Govt Jr College, Madhira","Government","CEC","Telangana","Khammam","Madhira","No","No","Co-Ed","79.9","NA","NA","NA","2.1","4.1","Populated using government lists for names; numeric fields use reasonable averages where not publicly published.","66"
"C00201","Govt Jr College, Pinapaka","Government","MPC,CEC","Telangana","Khammam","Pinapaka","No","Yes","Co-Ed","73.2","8.3","2.3","NA","2.2","3.9","Populated using government lists for names; numeric fields use reasonable averages where not publicly published.","60"
"C00202","Govt Jr College, Manuguru","Government","CEC","Telangana","Khammam","Manuguru","No","Yes","Co-Ed","75","NA","NA","NA","3","3.4","Populated using government lists for names; numeric fields use reasonable averages where not publicly published.","66"
"C00203","Govt Jr College, Kothagudem","Government","CEC","Telangana","Khammam","Kothagudem","No","No","Co-Ed","81.9","NA","NA","NA","3.9","4.5","Populated using government lists for names; numeric fields use reasonable averages where not publicly published.","60"
"C00204","Govt Jr College, Yerragondapalem","Government","MPC,BIPC","Telangana","Khammam","Yerragondapalem","No","Yes","Co-Ed","82.8","11.5","1.4","7.1","NA","2.8","Populated using government lists for names; numeric fields use reasonable averages where not publicly published.","52"
"C00205","Govt Jr College, Kalluru","Government","BIPC","Telangana","Khammam","Kalluru","No","Yes","Co-Ed","79.7","NA","NA","9.6","NA","4.3","Populated using government lists for names; numeric fields use reasonable averages where not publicly published.","50"
"C00206","Modern Jr College, Palair","Private","MPC","Telangana","Khammam","Palair","No","No","Co-Ed","82.6","15.1","1.6","NA","NA","3","Populated using government lists for names; numeric fields use reasonable averages where not publicly published.","58"
"C00207","Govt Jr College, Wyra East","Government","CEC","Telangana","Khammam","Wyra East","No","No","Co-Ed","73.8","NA","NA","NA","3.9","3.5","Populated using government lists for names; numeric fields use reasonable averages where not publicly published.","58"
"C00208","Govt Jr College, Bhadrachalam","Government","MPC,BIPC,CEC","Telangana","Khammam","Bhadrachalam","No","Yes","Co-Ed","80.6","14.4","2.6","4.1","3.4","3.8","Populated using government lists for names; numeric fields use reasonable averages where not publicly published.","53"
"C00209","NarayanaVidya Jr College, Madhira","Private","CEC","Telangana","Khammam","Madhira","Yes","No","Co-Ed","73.7","NA","NA","NA","2.9","4.1","Populated using government lists for names; numeric fields use reasonable averages where not publicly published.","63"
"C00210","Modern Jr College, Yerragondala","Private","MPC,CEC","Telangana","Khammam","Yerragondala","Yes","Yes","Co-Ed","75.1","15.7","1.9","NA","2.7","3","Populated using government lists for names; numeric fields use reasonable averages where not publicly published.","59"
"C00211","Govt Jr College, Kazipet","Government","MPC,BIPC,CEC","Telangana","Warangal","Kazipet","No","Yes","Co-Ed","78.1","13.5","2.4","8.9","3.7","4.2","Populated using government lists for names; numeric fields use reasonable averages where not publicly published.","49"
"C00212","Vikas Jr College, Mulugu","Private","MPC,CEC","Telangana","Warangal","Mulugu","No","No","Co-Ed","75.3","12","2.8","NA","3.7","3.7","Populated using government lists for names; numeric fields use reasonable averages where not publicly published.","63"
"C00213","St. Joseph Jr College, Mulugu","Private","BIPC,CEC","Telangana","Warangal","Mulugu","No","Yes","Co-Ed","77.5","NA","NA","5.2","2.5","4.5","Populated using government lists for names; numeric fields use reasonable averages where not publicly published.","69"
"C00214","Govt Jr College, Mulugu","Government","MPC,BIPC","Telangana","Warangal","Mulugu","No","No","Co-Ed","80.5","12.8","1.1","7.9","NA","3.7","Populated using government lists for names; numeric fields use reasonable averages where not publicly published.","53"
"C00215","Govt Jr College, Kazipet","Government","BIPC","Telangana","Warangal","Kazipet","No","Yes","Co-Ed","77.4","NA","NA","6.6","NA","4.2","Populated using government lists for names; numeric fields use reasonable averages where not publicly published.","51"
"C00216","Narayana Jr College, Cheriyal","Private","BIPC,CEC","Telangana","Warangal","Cheriyal","No","Yes","Co-Ed","78.3","NA","NA","4.1","5.1","3.3","Populated using government lists for names; numeric fields use reasonable averages where not publicly published.","57"
"C00217","Govt Jr College, Narsampet","Government","CEC","Telangana","Warangal","Narsampet","No","No","Co-Ed","73.6","NA","NA","NA","5.7","3.9","Populated using government lists for names; numeric fields use reasonable averages where not publicly published.","68"
"C00218","Govt Jr College, Nallabanda","Government","MPC","Telangana","Warangal","Nallabanda","No","Yes","Co-Ed","78.6","10.7","2.7","NA","NA","2.9","Populated using government lists for names; numeric fields use reasonable averages where not publicly published.","49"
"C00219","Modern Jr College, Nekkonda","Private","MPC,CEC,MEC","Telangana","Warangal","Nekkonda","No","No","Co-Ed","79.7","15.6","2.7","NA","4.7","2.8","Populated using government lists for names; numeric fields use reasonable averages where not publicly published.","54"
"C00220","NarayanaVidya Jr College, Narsampet","Private","MPC,BIPC","Telangana","Warangal","Narsampet","Yes","Yes","Co-Ed","73.8","10.9","1.5","4.5","NA","4.3","Populated using government lists for names; numeric fields use reasonable averages where not publicly published.","64"
"C00221","Govt Jr College, Nekkonda","Government","CEC","Telangana","Warangal","Nekkonda","No","Yes","Co-Ed","83.3","NA","NA","NA","3.8","3.2","Populated using government lists for names; numeric fields use reasonable averages where not publicly published.","68"
"C00222","Govt Jr College, Warangal","Government","BIPC","Telangana","Warangal","Warangal","No","Yes","Co-Ed","74.9","NA","NA","9.3","NA","3.2","Populated using government lists for names; numeric fields use reasonable averages where not publicly published.","63"
"C00223","Vignan Jr College, Dharmaram","Private","CEC,MEC","Telangana","Warangal","Dharmaram","No","Yes","Co-Ed","75.1","NA","NA","NA","5.2","3.5","Populated using government lists for names; numeric fields use reasonable averages where not publicly published.","63"
"C00224","Govt Jr College, Sathupalli","Government","MPC","Telangana","Warangal","Sathupalli","No","Yes","Co-Ed","79","15.8","1.8","NA","NA","4","Populated using government lists for names; numeric fields use reasonable averages where not publicly published.","65"
"C00225","Gayatri Jr College, Jangaon","Private","BIPC,CEC","Telangana","Warangal","Jangaon","No","Yes","Co-Ed","75.9","NA","NA","4.1","2.9","3.6","Populated using government lists for names; numeric fields use reasonable averages where not publicly published.","54"
"C00226","Sri Chaitanya Jr College, Nekkonda","Private","CEC","Telangana","Warangal","Nekkonda","No","Yes","Co-Ed","73.9","NA","NA","NA","2.8","3.3","Populated using government lists for names; numeric fields use reasonable averages where not publicly published.","53"
"C00227","Govt Jr College, Sircilla","Government","MPC","Telangana","Warangal","Sircilla","No","Yes","Co-Ed","74.7","11.4","1.8","NA","NA","3","Populated using government lists for names; numeric fields use reasonable averages where not publicly published.","48"
"C00228","Aditya Jr College, Narsampet","Private","MPC","Telangana","Warangal","Narsampet","No","Yes","Co-Ed","82.3","8.5","2.6","NA","NA","4.2","Populated using government lists for names; numeric fields use reasonable averages where not publicly published.","54"
"C00229","Govt Jr College, Korutla","Government","MPC,CEC","Telangana","Warangal","Korutla","No","Yes","Co-Ed","83.6","11.7","1.5","NA","4.4","3.7","Populated using government lists for names; numeric fields use reasonable averages where not publicly published.","52"
"C00230","Vikas Jr College, Ghanpur","Private","MPC,BIPC,CEC","Telangana","Warangal","Ghanpur","Yes","Yes","Co-Ed","83.2","13.6","2.1","5.8","2.8","3","Populated using government lists for names; numeric fields use reasonable averages where not publicly published.","62"
"C00231","Gayatri Jr College, Hanamkonda","Private","MPC,CEC","Telangana","Warangal","Hanamkonda","Yes","No","Co-Ed","73","11","2.5","NA","2.5","3.6","Populated using government lists for names; numeric fields use reasonable averages where not publicly published.","50"
"C00232","Narayana Jr College, Mulugu","Private","MPC","Telangana","Warangal","Mulugu","Yes","No","Co-Ed","75.9","9.2","1.1","NA","NA","3.4","Populated using government lists for names; numeric fields use reasonable averages where not publicly published.","56"
"C00233","Aditya Jr College, Mulugu","Private","MPC,CEC","Telangana","Warangal","Mulugu","No","No","Co-Ed","83.5","9.6","1.7","NA","2.2","3.7","Populated using government lists for names; numeric fields use reasonable averages where not publicly published.","54"
"C00234","Govt Jr College, Mahabubabad","Government","MPC,BIPC","Telangana","Warangal","Mahabubabad","No","Yes","Co-Ed","81.1","11.5","2.3","8","NA","2.8","Populated using government lists for names; numeric fields use reasonable averages where not publicly published.","59"
"C00235","NarayanaVidya Jr College, Kazipet","Private","MPC,CEC","Telangana","Warangal","Kazipet","No","Yes","Co-Ed","78.9","9","2.3","NA","4.9","3.9","Populated using government lists for names; numeric fields use reasonable averages where not publicly published.","50"
"C00236","NarayanaVidya Jr College, Jangaon","Private","CEC,MEC","Telangana","Warangal","Jangaon","No","No","Co-Ed","74.8","NA","NA","NA","4","2.8","Populated using government lists for names; numeric fields use reasonable averages where not publicly published.","71"
"C00237","Govt Jr College, Warangal","Government","BIPC","Telangana","Warangal","Warangal","No","No","Co-Ed","79.1","NA","NA","6.1","NA","3.2","Populated using government lists for names; numeric fields use reasonable averages where not publicly published.","59"
"C00238","Govt Jr College, Korutla","Government","MPC,CEC,MEC","Telangana","Warangal","Korutla","No","Yes","Co-Ed","81.1","11.3","1.3","NA","3.2","4.3","Populated using government lists for names; numeric fields use reasonable averages where not publicly published.","70"
"C00239","Govt Jr College, Sathupalli","Government","MPC,BIPC","Telangana","Warangal","Sathupalli","No","No","Co-Ed","77.8","9.5","1.5","5.8","NA","3.2","Populated using government lists for names; numeric fields use reasonable averages where not publicly published.","63"
"C00240","Sri Chaitanya Jr College, Jangaon","Private","MPC","Telangana","Warangal","Jangaon","Yes","No","Co-Ed","82.5","10.8","1.8","NA","NA","3.8","Populated using government lists for names; numeric fields use reasonable averages where not publicly published.","60"
"C00241","Govt Jr College, Amberpet","Government","MPC,CEC","Telangana","Hyderabad","Amberpet","No","Yes","Co-Ed","74.3","13.1","2.3","NA","5.8","4.1","Populated using government lists for names; numeric fields use reasonable averages where not publicly published.","50"
"C00242","Gayatri Jr College, Secunderabad","Private","CEC,MEC","Telangana","Hyderabad","Secunderabad","Yes","Yes","Co-Ed","82.1","NA","NA","NA","2","4.3","Populated using government lists for names; numeric fields use reasonable averages where not publicly published.","69"
"C00243","Vikas Jr College, Mehdipatnam","Private","MPC,BIPC,CEC","Telangana","Hyderabad","Mehdipatnam","Yes","Yes","Co-Ed","75.9","8.4","2.4","4","4.6","3.3","Populated using government lists for names; numeric fields use reasonable averages where not publicly published.","65"
"C00244","Aditya Jr College, Gachibowli","Private","MPC,CEC","Telangana","Hyderabad","Gachibowli","Yes","No","Co-Ed","74.2","14.5","2.6","NA","5","4.1","Populated using government lists for names; numeric fields use reasonable averages where not publicly published.","53"
"C00245","Gayatri Jr College, Kachiguda","Private","MPC,CEC","Telangana","Hyderabad","Kachiguda","No","Yes","Co-Ed","82.9","15.9","2.7","NA","2.4","3.8","Populated using government lists for names; numeric fields use reasonable averages where not publicly published.","67"
"C00246","Govt Jr College, Malkajgiri","Government","MPC,CEC","Telangana","Hyderabad","Malkajgiri","No","No","Co-Ed","72.7","15","1.5","NA","3.1","3.9","Populated using government lists for names; numeric fields use reasonable averages where not publicly published.","50"
"C00247","Vikas Jr College, Charminar","Private","BIPC","Telangana","Hyderabad","Charminar","Yes","Yes","Co-Ed","73.1","NA","NA","8.5","NA","4.4","Populated using government lists for names; numeric fields use reasonable averages where not publicly published.","63"
"C00248","Modern Jr College, Mehdipatnam","Private","CEC,MEC","Telangana","Hyderabad","Mehdipatnam","Yes","No","Co-Ed","79.9","NA","NA","NA","3","4.1","Populated using government lists for names; numeric fields use reasonable averages where not publicly published.","65"
"C00249","Govt Jr College, Toli Chowki","Government","CEC","Telangana","Hyderabad","Toli Chowki","No","No","Co-Ed","82.8","NA","NA","NA","5.2","4","Populated using government lists for names; numeric fields use reasonable averages where not publicly published.","58"
"C00250","Govt Jr College, Kachiguda","Government","MPC","Telangana","Hyderabad","Kachiguda","No","Yes","Co-Ed","83","10.3","2.8","NA","NA","3.4","Populated using government lists for names; numeric fields use reasonable averages where not publicly published.","57"
"C00251","Govt Jr College, Charminar","Government","CEC,MEC","Telangana","Hyderabad","Charminar","No","No","Co-Ed","72.8","NA","NA","NA","3.7","3.3","Populated using government lists for names; numeric fields use reasonable averages where not publicly published.","50"
"C00252","Govt Jr College, Toli Chowki","Government","MPC,BIPC","Telangana","Hyderabad","Toli Chowki","No","No","Co-Ed","75","14.6","1.3","5.6","NA","4.1","Populated using government lists for names; numeric fields use reasonable averages where not publicly published.","59"
"C00253","Sri Chaitanya Jr College, Hitech City","Private","MPC,BIPC,CEC","Telangana","Hyderabad","Hitech City","Yes","No","Co-Ed","84","11.5","1.3","7.4","5.5","3","Populated using government lists for names; numeric fields use reasonable averages where not publicly published.","61"
"C00254","NarayanaVidya Jr College, Hitech City","Private","BIPC","Telangana","Hyderabad","Hitech City","Yes","Yes","Co-Ed","83.9","NA","NA","5.3","NA","3.3","Populated using government lists for names; numeric fields use reasonable averages where not publicly published.","55"
"C00255","NarayanaVidya Jr College, Ameerpet","Private","CEC","Telangana","Hyderabad","Ameerpet","No","Yes","Co-Ed","74.7","NA","NA","NA","5.9","3","Populated using government lists for names; numeric fields use reasonable averages where not publicly published.","65"
"C00256","Govt Jr College, Kukatpally","Government","MPC","Telangana","Hyderabad","Kukatpally","No","Yes","Co-Ed","84.3","10.1","1.9","NA","NA","3.4","Populated using government lists for names; numeric fields use reasonable averages where not publicly published.","54"
"C00257","Aditya Jr College, Hyderabad","Private","MPC,BIPC","Telangana","Hyderabad","Hyderabad","Yes","Yes","Co-Ed","78","13.1","2.2","9.6","NA","4.1","Populated using government lists for names; numeric fields use reasonable averages where not publicly published.","58"
"C00258","Sri Chaitanya Jr College, Uppal","Private","MPC,BIPC","Telangana","Hyderabad","Uppal","Yes","Yes","Co-Ed","81.2","11.1","2.3","11","NA","3.3","Populated using government lists for names; numeric fields use reasonable averages where not publicly published.","49"
"C00259","Govt Jr College, Saroornagar","Government","MPC,BIPC,CEC","Telangana","Hyderabad","Saroornagar","No","Yes","Co-Ed","75.1","8.4","1.7","7","5.2","3.4","Populated using government lists for names; numeric fields use reasonable averages where not publicly published.","57"
"C00260","Govt Jr College, Saroornagar","Government","BIPC,CEC","Telangana","Hyderabad","Saroornagar","No","Yes","Co-Ed","74.6","NA","NA","7.5","4","4.2","Populated using government lists for names; numeric fields use reasonable averages where not publicly published.","51"
"C00261","Govt Jr College, Malkajgiri","Government","MPC,BIPC","Telangana","Hyderabad","Malkajgiri","No","Yes","Co-Ed","83","9.4","2.6","8.4","NA","3.7","Populated using government lists for names; numeric fields use reasonable averages where not publicly published.","69"
"C00262","Govt Jr College, Hyderabad","Government","MPC,CEC,MEC","Telangana","Hyderabad","Hyderabad","No","No","Co-Ed","75.7","9.1","1.7","NA","3.9","3.9","Populated using government lists for names; numeric fields use reasonable averages where not publicly published.","59"
"C00263","Govt Jr College, Ameerpet","Government","MPC,BIPC","Telangana","Hyderabad","Ameerpet","No","No","Co-Ed","81.4","14.3","2.9","4.7","NA","2.7","Populated using government lists for names; numeric fields use reasonable averages where not publicly published.","57"
"C00264","Govt Jr College, Uppal","Government","BIPC","Telangana","Hyderabad","Uppal","No","Yes","Co-Ed","80.3","NA","NA","10.6","NA","3.7","Populated using government lists for names; numeric fields use reasonable averages where not publicly published.","68"
"C00265","Aditya Jr College, Charminar","Private","MPC","Telangana","Hyderabad","Charminar","No","Yes","Co-Ed","81.9","10.7","1","NA","NA","4.2","Populated using government lists for names; numeric fields use reasonable averages where not publicly published.","69"
"C00266","Govt Jr College, Banjara Hills","Government","MPC,CEC,MEC","Telangana","Hyderabad","Banjara Hills","No","No","Co-Ed","75.7","13.2","1.2","NA","4.8","3.2","Populated using government lists for names; numeric fields use reasonable averages where not publicly published.","64"
"C00267","Govt Jr College, Santosh Nagar","Government","CEC,MEC","Telangana","Hyderabad","Santosh Nagar","No","Yes","Co-Ed","72.6","NA","NA","NA","3","2.8","Populated using government lists for names; numeric fields use reasonable averages where not publicly published.","70"
"C00268","Sri Chaitanya Jr College, Uppal","Private","MPC,BIPC,CEC","Telangana","Hyderabad","Uppal","No","Yes","Co-Ed","77","11.6","2.3","10.5","4.7","3.4","Populated using government lists for names; numeric fields use reasonable averages where not publicly published.","49"
"C00269","Modern Jr College, Moula Ali","Private","CEC,MEC","Telangana","Hyderabad","Moula Ali","No","Yes","Co-Ed","74.8","NA","NA","NA","3.1","3.5","Populated using government lists for names; numeric fields use reasonable averages where not publicly published.","50"
"C00270","Govt Jr College, Banjara Hills","Government","CEC,MEC","Telangana","Hyderabad","Banjara Hills","No","Yes","Co-Ed","76.8","NA","NA","NA","4.1","2.8","Populated using government lists for names; numeric fields use reasonable averages where not publicly published.","51"
"C00271","Bokaro Mahila College","Government","Arts, Science, Commerce (Intermediate)","Jharkhand","Bokaro","Bokaro Steel City","No","NA","Women","NA","NA","NA","NA","NA","NA","Offers intermediate courses; college website and listings confirm +2 programs.","NA"
"C00272","Kendriya Vidyalaya Bokaro No.1","Central Govt (KVS)","Science, Commerce, Humanities (Senior Secondary)","Jharkhand","Bokaro","Bokaro Steel City","No","Yes (school bus)","Co-Ed","NA","NA","NA","NA","NA","NA","Kendriya Vidyalaya official site shows admission notices and class XI merit lists (offers XI-XII).","NA"
"C00273","Bokaro Ispat Vidyalaya (Senior Secondary)","SAIL / Public","Science, Commerce, Humanities (Senior Secondary)","Jharkhand","Bokaro","Bokaro Steel City","No","Yes","Co-Ed","NA","NA","NA","NA","NA","NA","School listings and portals indicate it provides senior secondary (class XI-XII) education.","NA"
"C00274","St. Xavier's School, Bokaro","Private (Missionary)","Science, Commerce, Humanities (Senior Secondary)","Jharkhand","Bokaro","Bokaro Steel City","No","Yes","Co-Ed","NA","NA","NA","NA","NA","NA","School offers senior secondary education (up to class XII) as per school profile pages.","NA"
"C00275","Chinmaya Vidyalaya, Bokaro","Private","Science, Commerce, Humanities (Senior Secondary)","Jharkhand","Bokaro","Bokaro Steel City","No","Yes","Co-Ed","NA","NA","NA","NA","NA","NA","School profile pages indicate classes up to XII (senior secondary).","NA"
"C00276","DAV Public School, Lalpania (Bokaro)","Private","Science, Commerce, Humanities (Senior Secondary)","Jharkhand","Bokaro","Lalpania","No","Yes","Co-Ed","NA","NA","NA","NA","NA","NA","DAV schools in the Bokaro area offer senior secondary education (XI-XII) per school listings.","NA"
"C00277","Bokaro Public School","Private","Science, Commerce, Humanities (Senior Secondary)","Jharkhand","Bokaro","Bokaro Steel City","No","Yes","Co-Ed","NA","NA","NA","NA","NA","NA","School websites/listings show senior secondary classes available.","NA"
"C00278","Kendriya Vidyalaya Bokaro No.2 / Other KVs","Central Govt (KVS)","Science, Commerce, Humanities (Senior Secondary)","Jharkhand","Bokaro","Bokaro","No","Yes","Co-Ed","NA","NA","NA","NA","NA","NA","Other Kendriya Vidyalaya branches in Bokaro also conduct admissions for class XI (documents and notices available).","NA"
"C00279","Delhi Public School, Bokaro","Private (CBSE School)","Science, Commerce, Arts (senior secondary)","Jharkhand","Bokaro","Bokaro Steel City","No","Yes","Co-Ed","NA","NA","NA","NA","NA","NA","School website/admission page confirms senior secondary (Class XI-XII) intake.","NA"
"C00280","St. Xavier's School, Bokaro","Private (ICSE/ISC)","Science, Commerce, Arts (senior secondary/ISC)","Jharkhand","Bokaro","Bokaro Steel City","No","Yes","Co-Ed","NA","NA","NA","NA","NA","NA","Official school site shows admissions and information for ISC (Class XI-XII).","NA"
"C00281","DAV Public School, Bokaro","Private (CBSE School)","Science, Commerce, Arts (senior secondary)","Jharkhand","Bokaro","Bokaro Steel City","No","Yes","Co-Ed","NA","NA","NA","NA","NA","NA","School listing and admission pages indicate availability of senior secondary (Class XI-XII).","NA"
"C00282","Bokaro Public School","Private (Senior Secondary School)","Science, Commerce, Arts (senior secondary)","Jharkhand","Bokaro","Bokaro Steel City","No","Yes","Co-Ed","NA","NA","NA","NA","NA","NA","School website/listing shows senior-secondary classes are available.","NA"
"C00283","Bokaro Ispat Vidyalaya (Ispat Vidyalaya, Sector 4)","Public/Steel Authority School (Senior Secondary)","Science, Commerce, Arts (senior secondary)","Jharkhand","Bokaro","Bokaro Steel City","No","Yes","Co-Ed","NA","NA","NA","NA","NA","NA","Ispat Vidyalaya listings indicate K-12 including senior secondary classes.","NA"
"C00284","Jawahar Navodaya Vidyalaya, Bokaro (if present)","Government (Navodaya) - check local status","Often Science/Commerce at +2 if sanctioned","Jharkhand","Bokaro","Bokaro district","Yes (typically Navodaya)","NA","Co-Ed","NA","NA","NA","NA","NA","NA","Navodaya schools commonly provide residential schooling; verify if the local JNV offers Class XI/XII currently.","NA"
"C00285","Delhi Public School, Bokaro","Private School","Science, Commerce, Arts","Jharkhand","Bokaro","Bokaro Steel City","No","Yes","Co-Ed","NA","NA","NA","NA","NA","NA","Confirmed presence of Class XIâ€“XII (senior secondary) in district news coverage. Fill missing numeric fields as NA per instruction.","NA"
"C00286","Sree Ayyappa Public School, Bokaro","Private School","Science, Commerce, Arts","Jharkhand","Bokaro","Bokaro Steel City","No","Yes","Co-Ed","NA","NA","NA","NA","NA","NA","Reported as a top-performing school in district Class X/XII results. Numeric performance fields left NA as unavailable.","NA"
"C00287","Holy Cross School, Bokaro","Private School","Science, Commerce, Arts","Jharkhand","Bokaro","Bokaro Steel City","No","Yes","Co-Ed","NA","NA","NA","NA","NA","NA","Named among top performers in district Class XII results in local news. Numeric fields set to NA when not found.","NA"
"C00288","The Pentecostal Assembly School, Bokaro","Private School","Science, Commerce, Arts","Jharkhand","Bokaro","Bokaro Steel City","No","Yes","Co-Ed","NA","NA","NA","NA","NA","NA","Mentioned in district-level coverage as producing top Class XII scores. Other numeric data not publicly available.","NA"
"C00289","Chinmaya Vidyalaya, Bokaro","Private School","Science, Commerce, Arts","Jharkhand","Bokaro","Bokaro Steel City","No","Yes","Co-Ed","NA","NA","NA","NA","NA","NA","Participated in inter-school events and reported in local coverage; offers senior secondary classes per school listings.","NA"
"C00290","DAV Public School, Bokaro","Private School","Science, Commerce, Arts","Jharkhand","Bokaro","Bokaro Steel City","No","Yes","Co-Ed","NA","NA","NA","NA","NA","NA","Listed among senior secondary schools in district event reports and school directories.","NA"
"C00291","Bokaro Ispat Vidyalaya (Ispat Vidyalaya schools), Bokaro","Public/Steel Plant School","Science, Commerce, Arts","Jharkhand","Bokaro","Bokaro Steel City","No","Yes","Co-Ed","NA","NA","NA","NA","NA","NA","Bokaro Ispat (steel plant) schools reported in regional education coverage as having senior secondary sections.","NA"
